{"cameraMode":{"drawMode":0,"name":"Shaded","section":"Shading Mode"},"sceneLighting":false,"audioPlay":false,"sceneViewState":{"showFog":true,"showMaterialUpdate":false,"showSkybox":false,"showFlares":true,"showImageEffects":true,"showParticleSystems":true},"in2DMode":false,"pivot":{"x":0.02298569679260254,"y":0.036172281950712207,"z":0.024815261363983156},"rotation":{"x":0.20142920315265656,"y":-0.004418135620653629,"z":0.0009008300257846713,"w":0.9795499444007874},"size":0.6605507731437683,"orthographic":false}