{"cameraMode":{"drawMode":0,"name":"Shaded","section":"Shading Mode"},"sceneLighting":false,"audioPlay":false,"sceneViewState":{"showFog":true,"showMaterialUpdate":false,"showSkybox":false,"showFlares":true,"showImageEffects":true,"showParticleSystems":true},"in2DMode":false,"pivot":{"x":0.0,"y":0.9391188025474548,"z":0.008529514074325562},"rotation":{"x":-0.023918241262435914,"y":0.9664915204048157,"z":-0.09775668382644654,"w":-0.2362067997455597},"size":1.0248956680297852,"orthographic":false}