{"cameraMode":{"drawMode":0,"name":"Shaded","section":"Shading Mode"},"sceneLighting":false,"audioPlay":false,"sceneViewState":{"showFog":true,"showMaterialUpdate":false,"showSkybox":false,"showFlares":true,"showImageEffects":true,"showParticleSystems":true},"in2DMode":false,"pivot":{"x":-0.590003252029419,"y":2.370168685913086,"z":-3.2830069065093996},"rotation":{"x":0.19082462787628175,"y":0.5540408492088318,"z":-0.13226740062236787,"w":0.7995272874832153},"size":7.897151947021484,"orthographic":false}