{"cameraMode":{"drawMode":0,"name":"Shaded","section":"Shading Mode"},"sceneLighting":false,"audioPlay":false,"sceneViewState":{"showFog":true,"showMaterialUpdate":false,"showSkybox":false,"showFlares":true,"showImageEffects":true,"showParticleSystems":true},"in2DMode":false,"pivot":{"x":0.04130387306213379,"y":0.9502043724060059,"z":-0.0013005509972572327},"rotation":{"x":-0.042553260922431949,"y":0.9267585277557373,"z":-0.11062878370285034,"w":-0.3564724922180176},"size":1.4059675931930543,"orthographic":false}