{"cameraMode":{"drawMode":0,"name":"Shaded","section":"Shading Mode"},"sceneLighting":false,"audioPlay":false,"sceneViewState":{"showFog":true,"showMaterialUpdate":false,"showSkybox":false,"showFlares":true,"showImageEffects":true,"showParticleSystems":true},"in2DMode":false,"pivot":{"x":-0.023136377334594728,"y":0.19121341407299043,"z":-0.07335346937179566},"rotation":{"x":-0.14002889394760133,"y":0.4925740361213684,"z":-0.0806599035859108,"w":-0.8551403880119324},"size":0.6453946232795715,"orthographic":false}